,design,n,mpnn,plddt,ptm,pae,rmsd,seq
0,0,0,0.9983616865353789,0.6510201394557953,0.5752688646316528,8.542388379573822,1.9926811456680298,VVLPPIRVAVTRPEEVLEVLEAEVARGAEKITVVALAADEETVRRMAEAARRHPSVARVIEVLLSEAAERGEEILREIAESSEGPVLLVFAEEDADRPETARVRAVAAALAAA
1,0,1,1.0313839980732882,0.5265741348266602,0.31226205825805664,13.025995522737503,3.17145037651062,VTLPPITVAVASVEDVLAVLDAAEARGEARITVVVLAADEATIAAMAAAAAAHPAVARIIRLLLAEVAERGREVFRAIAEASDGPVLVLVAAADADLPETKRVRAVIEELRAA
2,0,2,0.9793940788933054,0.8921988680958748,0.840868353843689,3.5831241235136986,0.6538944840431213,VKLPEIKVAVTKTEEVLEVLEKFEKEGYEKITVVVLASKKEEVEKMAEEAKKHKSVEKVIEKLLSEFAENGEEILTKIAKESKYPILIIIDESDKSLPETKKVIEIVEKKRKE
3,0,3,1.0589511655982287,0.9110991358757019,0.8646821975708008,3.223111070692539,0.6424846649169922,KTLPPVYVRVASVERVPEVIKELEERGEKKITVVVLASSKERAREMAEEARKHPSVEKVIELLLSEFAKNGKEYLRKILEESEGPVLFLFDEEDKDLPEFKKVKEIIEEARKE
4,1,0,1.0412581138116628,0.619532436132431,0.38170111179351807,13.781405925750732,12.62498664855957,AEAARAAELAELLGLLGTRLALAAFTDPELRARLLALLDELEKDPALQPLVAALRAALADPALRAAAAAAQEAAIAALAADPARALNQDPEARAEAQALIAAADAAVAALRAA
5,1,1,1.1227168859167644,0.8459295630455017,0.5312111973762512,11.241573721170425,26.90325355529785,SMEKIEKEKKELNLLTTTRIMLAKFKNPELRKKIEELLKELEKIPELKPLVEKLKEAMKSEELREKLEKETEKKLEELLKDKSKEINKNEELKKEALEIIEKTEKEVEKIKKE
6,1,2,1.0323578770455002,0.7576428651809692,0.526469349861145,8.781743288040161,1.4589232206344604,AAAAAAAEWAELDALLEERLELAAFDNPELRKEILERLAEWRKDPRLRPRVERLEEAIASPAAREAAAAAAAARIAALAADPSLALNQDAAARAAAAARVAAADAAVAAIRAA
7,1,3,0.9817764167423192,0.6631916761398315,0.3896210491657257,15.207364469766617,13.064451217651367,DAAALAAEWAELERLLADLRALAALADPALAAELAARLDELAKDPALRPHVARLRAAAASPALRAALAAERRARIAALLADPARALVRDPAARAAARAAIAAAEAEVAALRAA
8,2,0,1.028969907959672,0.9003937765955925,0.7623440027236938,4.003782212734222,1.0106996297836304,SMAEAEEQEKKARFRAALAAALAALAAEGADAAAVAALRAALDAGIAAGEEKGDLVTIAREVRAALEAAAAALPAHAELVARARAAVEAILKETGIAELIEKEEAKRLAALLE
9,2,1,0.8979245214464144,0.7214700281620026,0.49613678455352783,8.985269516706467,1.551995873451233,AEAAAALAAKAATFRAALAAALAALKAAGADEAVVAALAAAVAAGIAAGEATGDLVTIYREVRAALAAAAAANPEAAAVVAAAAAAAAAIAAATGITALAAAEDAALAAALAA
10,2,2,0.868458917106304,0.9092196226119995,0.7848407030105591,3.6419070959091187,1.8453046083450317,AAAAAAAAARLAALDAALAAAVAAAAEAGAPADAVAALAAALAAGRAAGAAAGDLLAVAEALRAALAAAAAALPAHAELVAAARAALAAAERAAGVDALRAERAAAAAAAAAA
11,2,3,0.9882029124641878,0.9116756319999695,0.8217438459396362,3.3171568512916565,1.2005280256271362,AEEEAKKKKMLEEFKERVKKELEKLKEEGADPEAVKKLKEAIEKGIKEGEKEGDLVTVYEKVKEALKAAAKENPEHQELVDKAKEAVEKIAKETGIEKLVEEKKKKEEEEKKK
12,3,0,1.110352053348846,0.7580837458372116,0.6184284090995789,7.566104665398598,1.4268592596054077,MVRVPPPPADPSKINKEWVLAQLDALFEAYAETLAAALRARGAPEAEIAARRAEIEARRAALLEELAGLSLEEALRVLAEKYAELMEEAAKYGEMSVDPELAAFLAAQLAAWA
13,3,1,1.1663111458464668,0.805693507194519,0.7144560813903809,6.564749374985695,2.6040499210357666,TVAVAPPPADPSELTKEWYLEQLDALWDAYIATIRAALEARGAPAEEIAAREAELRARREELLKEWASLSLEEVKKALAEEYARLLEEAAKYGAMSIDPELAKFLAEYLAQLA
14,3,2,0.9960512996025267,0.7162984013557434,0.5471329092979431,9.535183995962143,6.960237979888916,PVLVAPLPADPAARDRALWLAQLRALYEAYRRTLAAALRARGAAPEEIEAVEAALRAEADALLAALAGASDEEALAALAERYAELLAEAARYGAMAVDPALAAALAAHLAALA
15,3,3,1.0917950203022215,0.7283697724342346,0.619123101234436,8.216219991445541,2.7589828968048096,MVLVPPLPEDPAELTKELWLAQLRALWDAFIATIAAELRKRGAPAEEIAAIEAELRARREAELAALAGASDEEALAALARRYQELLAEAAKYGAMSLDPALVAFLREVLERLK
16,4,0,1.0444824595761326,0.9020004272460938,0.8197892904281616,3.9395079761743546,1.0177414417266846,KPRKVVWIVAGPESDAEEVIARIKAALEAGDLVRLIVVDVKEEDKKKILAYLKSLGYVPEEETKTYKGKEAALKGAKEEMAKKGVSAAAFLERKVDPETGEETYEATIYTLQP
17,4,1,0.9334648134662993,0.9415961168706417,0.8305436968803406,3.0603095814585686,0.990955114364624,APARTVWIEARAGSDAAAVIAAIDAALAAGDRVHLILTGVAEEDRARLLAHLAALGYVPEAEEWWYEGEEAALAAARERMAATGTSAAAFLRVERDPETGRERVRARLYRLQP
18,4,2,0.9129617276691918,0.5576495230197906,0.3519001007080078,13.337724715471268,14.033404350280762,AAARTRWLLAEAESDAEEVIAAIRAALAAGDLVRLILVDVPAEDLARLLAFLAEQGFVPAAETRTYAGREAARAAARAAMAATGRSAAVVLERRVDPETGEVTYVARLYLLQP
19,4,3,1.0446844465303902,0.9239278733730316,0.8404126167297363,3.555209793150425,1.1518337726593018,MERKVRYILATKDSDADEVIAEIREALAAGDLVKLILIDVKEEDLKKILAFLKSLGFVPEKETFTYKGKEEAIKGAKEKMDKKGVSAAAVLKKIVNKETGEETYEAQIWLLQP
20,5,0,1.0415700059945887,0.786818265914917,0.5932588577270508,7.747558668255806,7.300694942474365,MSLEELAEALKKEALKALGIDEVRNKEEADKVKKVIADMIAKKTPEEAAVLQRAANYYFATELGDEAAAKVANGDIAAALLSEAGQPLLAAHPELRPQVEAWRAAYEAALAAG
21,5,1,1.057400639512158,0.738206535577774,0.47482073307037354,9.514606595039368,8.026534080505371,KTLEEIAEELLKKALEEIGIKEVKNEEEKEKVKKVALEYISKLSPEEAKKYSIALYYKFSKEFGDEKSKVKFNGIVAEFLLSEEGKPLLEAFPELKPKVEEWLEKYKKYLKEG
22,5,2,0.992633155533415,0.698679506778717,0.5289580821990967,11.632420539855957,3.6358635425567627,MTLEEIAEKLKKEALKELGIKEVKNKEEAEKVKKVVEEMIAKKSPEEAKKLRIAAAYYFAKELGDEKWKAIYDGIIADFYFSEEGQPLLEANPEKRAEVEAAKAKYKEMLAKG
23,5,3,1.0454730261345875,0.7546878606081009,0.47984573245048523,8.974849164485931,6.494393825531006,MTLEEVAEALKKEALAALGISEVKNQAEAEKARAIADAMIAALSPEEAARYRVAKYYYFATELGNEADRLRWEGIVAAFLLSEEGRPLLEAHPEARPAVLAALARYLAALAAG
24,6,0,1.2761454379325938,0.8367013335227966,0.6518644690513611,7.087259501218796,1.4511793851852417,SSLLEEAKLLKAEAEALLALAKATLSPEAYALLKLLLDLKLAEAELKLIELEEKEAEELFKKEKLPEEEKKKILEELEKRKEEAEKKLEAILAELAARAAAAAAAAAAAAAAA
25,6,1,1.1230309604604618,0.8963307067751884,0.7029383182525635,5.427743345499039,1.76480233669281,SLLRLLAALLRAAAALLLALAAATASPEEAAALALELALALAEAELLLLAEEERAFEELVAAEDLAPAEVAARRAALAARRAEAEARLAAIRAEREARAAAAAAAAAAAAAAA
26,6,2,1.1822681226833986,0.9547027610242367,0.8317760825157166,3.1538010388612747,1.2295395135879517,EELKKEAEELKKRAEAELEEAAATASPEEYAALKLELALELAKAELALIKLEEEEAKKYFEENEIPEEERERLEKELAERRAEAEAKLAAIEAERAARAEAAAAAAAAAAAAA
27,6,3,1.3206665647918296,0.9215186461806297,0.6247694492340088,6.698366209864616,35.04755401611328,SLLLKLAKLLKLLSALLLKYAKKTLSPEEYEELKLELALLLAEAELKLIELKEEEFKELEKKKKLKKEEIEKKREELKKEKEEIEKKLKEIKEKIEEREKKKKEEEELLKKLA
28,7,0,1.018715347048502,0.8381317108869553,0.7415286302566528,4.918887123465538,0.7450072169303894,APLRLVLVVNVLVENEEDLEEVKKKVEEAVEATVRALREEFGVEVEVLLSVSTTEEEFEKARAENEARAAALAAEHPGAHVLVRDVRVSAEDDEVLEELREAILAEVAALLAA
29,7,1,1.0289540302449467,0.8855127170681953,0.7852720022201538,4.250960007309914,0.965269148349762,APRRVVLVLNVLVEDAADLPAVQAAVEAALAATEARLRTEFGVEVDALVSVAATEAEFEALLAENEARAAALLAAHPGATLLVRRVRVAADDAAVLDRVAEEVLAEVAALLAA
30,7,2,1.058350275679731,0.5108816921710968,0.28341490030288696,16.044325053691864,12.980562210083008,PPRRLVLVLNVLVEKAEDLPEVEKMVREAVARTLAALATEFGAEVDAILRVATTEAEFAEQLAAARAEAAALLAAHPGATGLERRVTVSAEDRSALDATVAAVLAEAAALLAA
31,7,3,1.0164754749818523,0.792685016989708,0.6847792863845825,5.26409050822258,1.103223204612732,APRRLILVVHVLVEREEDREEVEEKVREAVEETERELREEFGAEVTVLLHVATTEEELERLRAEAREEAAALAAAHPGAAVLEREVEVSADDEEALEELREEIVEEVARLLAA
